,flowrate_m3/s
0,-0.04320436571781695
300,-0.043119771424685246
600,-0.04303532561425847
900,-0.042951028001440156
1200,-0.042866878633901345
1500,-0.042788035374760974
1800,-0.04270450860970477
2100,-0.042621132361206626
2400,-0.04253790665461742
2700,-0.042454831510974816
3000,-0.04237190694683958
3300,-0.042289132974073475
3600,0.14363775745989493
3900,0.1433697134848049
4200,0.14311458579734843
4500,0.14286065358024647
4800,0.1426079049266178
5100,0.1423563267871034
5400,0.1421059063588881
5700,0.1418566310787849
6000,0.14160848861659803
6300,0.1413614668687509
6600,-0.002442897661786509
6900,-0.002442897661786509
7200,-0.05141083239557367
7500,-0.05131912564508311
7800,-0.051227619159751984
8100,-0.051136311808251136
8400,-0.05104520250388483
8700,-0.05095429018221584
9000,-0.050863573800185274
9300,-0.05077305233529028
9600,-0.05068272478481528
9900,-0.0505925901651108
10200,-0.050502647510916626
10500,-0.050412895874723904
10800,-0.05430740280752211
11100,-0.054308149720924966
11400,-0.05421844475328425
11700,-0.054128905861328715
12000,-0.05403953246478898
12300,-0.05395032399003095
12600,-0.05386127986995264
12900,-0.05377239954387241
13200,-0.053683682457420785
13500,-0.053595128062435576
13800,-0.05350673581685933
14100,-0.05341850518464002
14400,-0.05418588404419886
14700,-0.054097410898201546
15000,-0.0554629580947916
15300,-0.0553886999918267
15600,-0.05531451314392797
15900,-0.05524039754351459
16200,-0.05516635318304781
16500,-0.055092380055036014
16800,-0.055018478152034006
17100,-0.001699407097146036
17400,-0.001699407097146036
17700,-0.001699407097146036
18000,-0.0016852453390477516
18300,-0.0016852453390477516
18600,-0.0016852453390477516
18900,-0.0016852453390477516
19200,-0.0016852453390477516
19500,-0.0016852453390477516
19800,-0.0016852453390477516
20100,-0.0016852453390477516
20400,-0.0016852453390477516
20700,-0.0016852453390477516
21000,-0.0016852453390477516
21300,-0.0016852453390477516
21600,-0.0022304717746432544
21900,-0.0022304717746432544
22200,-0.0022304717746432544
22500,-0.0022304717746432544
22800,-0.0022304717746432544
23100,-0.0022304717746432544
23400,-0.0022304717746432544
23700,-0.0022304717746432544
24000,-0.0022304717746432544
24300,-0.0022304717746432544
24600,-0.0022304717746432544
24900,-0.0022304717746432544
25200,-0.002414574226311776
25500,-0.002414574226311776
25800,-0.002414574226311776
26100,-0.002414574226311776
26400,-0.002414574226311776
26700,-0.002414574226311776
27000,-0.002414574226311776
27300,-0.002414574226311776
27600,-0.002414574226311776
27900,-0.002414574226311776
28200,-0.002414574226311776
28500,-0.002414574226311776
28800,-0.0026836469844044968
29100,-0.0026836469844044968
29400,-0.0026836469844044968
29700,-0.0026836469844044968
30000,-0.0026836469844044968
30300,-0.0026836469844044968
30600,-0.0026836469844044968
30900,-0.0026836469844044968
31200,-0.0026836469844044968
31500,-0.0026836469844044968
31800,-0.0026836469844044968
32100,-0.0026836469844044968
32400,-0.0031297413554775156
32700,-0.0031297413554775156
33000,-0.0031297413554775156
33300,-0.0031297413554775156
33600,-0.0031297413554775156
33900,-0.0031297413554775156
34200,-0.0031297413554775156
34500,-0.0031297413554775156
34800,-0.0031297413554775156
35100,-0.0031297413554775156
35400,-0.0031297413554775156
35700,-0.0031297413554775156
36000,-0.003682048629761243
36300,-0.003682048629761243
36600,-0.003682048629761243
36900,-0.003682048629761243
37200,-0.003682048629761243
37500,-0.003682048629761243
37800,-0.003682048629761243
38100,-0.003682048629761243
38400,-0.003682048629761243
38700,-0.003682048629761243
39000,-0.003682048629761243
39300,-0.003682048629761243
39600,-0.003915717113691005
39900,-0.003915717113691005
40200,-0.003915717113691005
40500,-0.003915717113691005
40800,-0.003915717113691005
41100,-0.003915717113691005
41400,-0.003915717113691005
41700,-0.003915717113691005
42000,-0.003915717113691005
42300,-0.003915717113691005
42600,-0.003915717113691005
42900,-0.003915717113691005
43200,-0.0036041591620252665
43500,-0.0036041591620252665
43800,-0.0036041591620252665
44100,-0.0036041591620252665
44400,-0.0036041591620252665
44700,-0.0036041591620252665
45000,-0.0036041591620252665
45300,-0.0036041591620252665
45600,-0.0036041591620252665
45900,-0.0036041591620252665
46200,-0.0036041591620252665
46500,-0.0036041591620252665
46800,-0.004262679420241539
47100,-0.004262679420241539
47400,-0.004262679420241539
47700,-0.004262679420241539
48000,-0.004262679420241539
48300,-0.004262679420241539
48600,-0.004262679420241539
48900,-0.004262679420241539
49200,-0.004262679420241539
49500,-0.004262679420241539
49800,-0.004262679420241539
50100,-0.004262679420241539
50400,-0.0035970783233370426
50700,-0.0035970783233370426
51000,-0.0035970783233370426
51300,-0.0035970783233370426
51600,-0.0035970783233370426
51900,-0.0035970783233370426
52200,-0.0035970783233370426
52500,-0.0035970783233370426
52800,-0.0035970783233370426
53100,-0.0035970783233370426
53400,-0.0035970783233370426
53700,-0.0035970783233370426
54000,-0.004390134920238757
54300,-0.004390134920238757
54600,-0.004390134920238757
54900,-0.004390134920238757
55200,-0.004390134920238757
55500,-0.004390134920238757
55800,-0.004390134920238757
56100,-0.004390134920238757
56400,-0.004390134920238757
56700,-0.004390134920238757
57000,-0.004390134920238757
57300,-0.004390134920238757
57600,-0.004149385597620769
57900,-0.004149385597620769
58200,-0.004149385597620769
58500,-0.004149385597620769
58800,-0.004149385597620769
59100,-0.004149385597620769
59400,-0.004149385597620769
59700,-0.004149385597620769
60000,-0.004149385597620769
60300,-0.004149385597620769
60600,-0.004149385597620769
60900,-0.004149385597620769
61200,-0.004468024387974734
61500,-0.004468024387974734
61800,-0.004468024387974734
62100,-0.004468024387974734
62400,-0.004468024387974734
62700,-0.004468024387974734
63000,-0.004468024387974734
63300,-0.004468024387974734
63600,-0.004468024387974734
63900,-0.004468024387974734
64200,-0.004468024387974734
64500,-0.004468024387974734
64800,-0.00434764972666574
65100,-0.00434764972666574
65400,-0.00434764972666574
65700,-0.00434764972666574
66000,-0.00434764972666574
66300,-0.00434764972666574
66600,-0.00434764972666574
66900,-0.00434764972666574
67200,-0.00434764972666574
67500,-0.00434764972666574
67800,-0.00434764972666574
68100,-0.00434764972666574
68400,-0.004269760258929764
68700,-0.004269760258929764
69000,-0.004269760258929764
69300,-0.004269760258929764
69600,-0.004269760258929764
69900,-0.004269760258929764
70200,-0.004269760258929764
70500,-0.004269760258929764
70800,-0.004269760258929764
71100,-0.004269760258929764
71400,-0.004269760258929764
71700,-0.004269760258929764
72000,-0.004496347823449467
72300,-0.004496347823449467
72600,-0.004496347823449467
72900,-0.004496347823449467
73200,-0.004496347823449467
73500,-0.004496347823449467
73800,-0.004496347823449467
74100,-0.004496347823449467
74400,-0.004496347823449467
74700,-0.004496347823449467
75000,-0.004496347823449467
75300,-0.004496347823449467
75600,-0.004503428742859528
75900,-0.004503428742859528
76200,-0.004503428742859528
76500,-0.004503428742859528
76800,-0.004503428742859528
77100,-0.004503428742859528
77400,-0.004503428742859528
77700,-0.004503428742859528
78000,-0.004503428742859528
78300,-0.004503428742859528
78600,-0.004503428742859528
78900,-0.004503428742859528
79200,-0.0036466443555982844
79500,-0.0036466443555982844
79800,-0.0036466443555982844
80100,-0.0036466443555982844
80400,-0.0036466443555982844
80700,-0.0036466443555982844
81000,-0.0036466443555982844
81300,-0.0036466443555982844
81600,-0.0036466443555982844
81900,-0.0036466443555982844
82200,-0.0036466443555982844
82500,-0.0036466443555982844
82800,-0.003561673968452248
83100,-0.003561673968452248
83400,-0.003561673968452248
83700,-0.003561673968452248
84000,-0.003561673968452248
84300,-0.003561673968452248
84600,-0.003561673968452248
84900,-0.003561673968452248
85200,-0.003561673968452248
85500,-0.003561673968452248
85800,-0.003561673968452248
86100,-0.003561673968452248
86400,-0.003055300243832264
