Time (hours),P789_flowrate,P831_flowrate
0,0.020683633063435493,-0.0033386096558788722
300,0.02067031572977536,-0.0033373158768681683
600,0.02065702233256757,-0.0033360225657682475
900,0.02064375284266699,-0.0033347297271229875
1200,0.020630507231282635,-0.0033334373626856405
1500,0.019591132007732756,-0.003435516159166051
1800,0.01957716839195175,-0.0034341085204826942
2100,0.019563231193135543,-0.003432701326150767
2400,0.01954932037112608,-0.003431294578228427
2700,0.019535435885222562,-0.0034298882787531498
3000,0.019521577694143453,-0.0034284824297408038
3300,0.019507745755977527,-0.0034270770331851813
3600,0.018868020079638576,-0.003294166645587329
3900,0.01621267923777511,-0.003545108562583872
4200,0.016203877239909643,-0.00354261761571739
4500,0.016195118635616314,-0.0035401292627256042
4800,0.016186402907698905,-0.00353764341954352
5100,0.016177729540122237,-0.0035351600218172987
5400,0.016169098029065437,-0.0035326790168342375
5700,0.01641206588855567,-0.0035349476123180935
6000,0.01640842847176669,-0.003532611338563981
6300,0.016404785124355926,-0.003530277476675242
6600,0.01640113583840641,-0.0035279459587219527
6900,0.016397480638340897,-0.0035256167550267252
7200,0.01624191176708515,-0.0034787118590220807
7500,0.016238163394251517,-0.0034764663467110016
7800,0.01623440893291726,-0.0034742214721787397
8100,0.016230648407328803,-0.003471977229763998
8400,0.016226881841710075,-0.003469733614579845
8700,0.016223109260259515,-0.0034674906216975217
9000,0.016219330687149376,-0.0034652482461453066
9300,0.016215546146526146,-0.0034630064829077756
9600,0.01621175566250976,-0.00346076532692458
9900,0.016207959259193747,-0.0034585247730893635
10200,0.016204156960644783,-0.0034562848162487114
10500,0.01620034879090201,-0.0034540454512009744
10800,0.015465683653827467,-0.0032368452575197073
11100,0.011932256187020929,-0.0011067179517498175
11400,0.01192889875847579,-0.0011067179517498186
11700,0.011925538867443037,-0.0011067179517498184
12000,0.011922176525131497,-0.001106717951749818
12300,0.011918811742725709,-0.0011067179517498173
12600,0.011915444531386763,-0.0011067179517498177
12900,0.011912074902252512,-0.0011067179517498184
13200,0.011908702866436258,-0.0011067179517498182
13500,0.01190532843502855,-0.001106717951749817
13800,0.011901951619095357,-0.0011067179517498184
14100,0.011898572429679151,-0.0011067179517498177
14400,0.012520258301425117,-0.001248865044418144
14700,0.012519491351128204,-0.0012488650444181894
15000,0.012518710440301303,-0.0012488650444180977
15300,0.012517915593533819,-0.0012488650444181363
15600,0.01251710683541985,-0.0012488650444182332
15900,0.012516284190559097,-0.001248865044418096
16200,0.012515447683557042,-0.0012488650444181422
16500,0.012514597339024457,-0.0012488650444182337
16800,0.012513733181577294,-0.0012488650444180973
17100,0.012512855235837438,-0.0012488650444181367
17400,0.012511963526431531,-0.0012488650444181892
17700,0.012511058077992483,-0.0012488650444180975
18000,0.19019563896012281,0.015614252571484752
18300,0.19015570564164816,0.015610247321649425
18600,0.1901158332314207,0.01560624656142923
18900,0.19007602161289086,0.015602250289444636
19200,0.19003627066938747,0.015598258504306416
19500,0.18999658028397526,0.015594271204611562
19800,0.18995695033942844,0.015590288388943293
20100,0.18991738071820496,0.015586310055871116
20400,0.1898778713024221,0.015582336203950822
20700,0.18983842197383216,0.01557836683172451
21000,0.18979903261379924,0.015574401937720599
21300,0.1897597031032764,0.015570441520453823
21600,0.1891664438930437,0.015348571595390959
21900,0.1891244157011892,0.01534409372168575
22200,0.18908244106928224,0.015339621044058014
22500,0.1890405198576448,0.015335153560004927
22800,0.18899865192625132,0.01533069126701419
23100,0.18895683713458278,0.0153262341625632
23400,0.18891507534161256,0.015321782244119203
23700,0.18887336640579339,0.015317335509139461
24000,0.18883171018504447,0.01531289395507139
24300,0.18879010653673942,0.01530845757935277
24600,0.18874855531769497,0.015304026379411882
24900,0.18870705638416005,0.015299600352667714
25200,0.18816757208747545,0.01457928011987121
25500,0.18812395365165074,0.014573749303646362
25800,0.18808038322095297,0.01456822510327522
26100,0.18803686064581296,0.014562707515798426
26400,0.18799338577670152,0.014557196538293519
26700,0.18794995846376059,0.014551692167874445
27000,0.1879065785568226,0.01454619440169506
27300,0.18786324590543138,0.014540703236952944
27600,0.18781996035886558,0.01453521867089368
27900,0.18777672176616378,0.014529740700815615
28200,0.18773352997615242,0.0145242693240752
28500,0.18769038483747605,0.014518804538092999
28800,0.18703230153651607,0.01402254199813893
29100,0.18698616656504247,0.014016138037164049
29400,0.18694007250089587,0.01400974105284554
29700,0.18689401925934473,0.014003351041422158
30000,0.18684800676216817,0.013996967999204383
30300,0.1868020349380044,0.013990591922578776
30600,0.1867561037230099,0.0139842228080151
30900,0.18671021306159646,0.013977860652074306
31200,0.18666436290725905,0.013971505451417461
31500,0.1866185532235096,0.013965157202815805
31800,0.1865727839849329,0.01395881590316211
32100,0.18652705517838747,0.013952481549483543
32400,0.18578991689207214,0.013719435044463497
32700,0.1857364072149942,0.013712517300067346
33000,0.18568285542393334,0.013705605808461632
33300,0.18562926245891587,0.013698700573736134
33600,0.18557562924395166,0.013691801599832437
33900,0.1855219566876432,0.013684908890550665
34200,0.1854682456837504,0.013678022449555642
34500,0.18541449711171795,0.013671142280382631
34800,0.18536071183717018,0.013664268386442685
35100,0.18530689071237577,0.013657400771027717
35400,0.1852530345766845,0.013650539437315186
35700,0.18519914425693887,0.013643684388372547
36000,0.01953342221392962,-0.003939374706128265
36300,0.019529830263682456,-0.003937997662225442
36600,0.019526234428891193,-0.0039366219703402296
36900,0.019522633487654702,-0.003935247612611247
37200,0.01951902746738496,-0.003933874587050558
37500,0.019515416395442103,-0.003932502891676068
37800,0.01951180029913477,-0.003931132524511475
38100,0.019508179205719484,-0.003929763483586173
38400,0.019504553142401227,-0.003928395766935259
38700,0.01950092213633225,-0.003927029372599508
39000,0.01949728621461252,-0.003925664298625294
39300,0.019493645404289692,-0.003924300543064586
39600,0.019550084546132725,-0.0039393904855023225
39900,0.019546288741527074,-0.003938071397840001
40200,0.01954248908809005,-0.003936753545098442
40500,0.01953868561013328,-0.003935436925544584
40800,0.01953487833191146,-0.003934121537449307
41100,0.019531067277622965,-0.00393280737908753
41400,0.019527252471409424,-0.003931494448738072
41700,0.019523433937355734,-0.003930182744683653
42000,0.019519611699489695,-0.003928872265210884
42300,0.019515785781782216,-0.003927563008610174
42600,0.01951195620814749,-0.003926254973175764
42900,0.01950812300244216,-0.00392494815720564
43200,0.020117451952193357,-0.00397802879977638
43500,0.020114642891759682,-0.003976746331888144
43800,0.02011182695928111,-0.003975465172053467
44100,0.02010900418757083,-0.003974185317545719
44400,0.02010617460939527,-0.003972906765643967
44700,0.02010333825747287,-0.003971629513632897
45000,0.020100495164474753,-0.003970353558802762
45300,0.020097645363023265,-0.00396907889844914
45600,0.02009478888569248,-0.0039678055298728865
45900,0.01729343357824125,-0.0029749367393740946
46200,0.017291655738880325,-0.0029749367393741197
46500,0.017289875236569035,-0.002974936739374098
46800,0.01669211707524929,-0.0026804892033059596
47100,0.016688804931215745,-0.002680489203305915
47400,0.01668549615490403,-0.002680489203305887
47700,0.016682190965840487,-0.0026804892033059358
48000,0.01667888935753097,-0.0026804892033059115
48300,0.016675591323468773,-0.0026804892033059115
48600,0.016672296857167167,-0.0026804892033059115
48900,0.01666900595215968,-0.0026804892033059115
49200,0.016665718602000425,-0.0026804892033059115
49500,0.01666243480026263,-0.0026804892033059115
49800,0.01665915454054039,-0.0026804892033059115
50100,0.016655877816447322,-0.0026804892033059115
50400,0.01671340557743725,-0.002680489203305911
50700,0.016711146905106142,-0.0026804892033059115
51000,0.016708886730807528,-0.0026804892033059115
51300,0.0167066250361832,-0.0026804892033059115
51600,0.01670436183349758,-0.0026804892033059115
51900,0.01670209713505131,-0.0026804892033059115
52200,0.016699830953110742,-0.0026804892033059115
52500,0.016697563299907597,-0.0026804892033059115
52800,0.016695294187638588,-0.0026804892033059115
53100,0.016693023628466468,-0.0026804892033059115
53400,0.016690751634519246,-0.0026804892033059115
53700,0.016688478217890306,-0.0026804892033059115
54000,0.01657877718131187,-0.002934323280265492
54300,0.016575216189886985,-0.002934323280265489
54600,0.01657166028514355,-0.0029343232802654857
54900,0.01656810971584086,-0.002934323280265489
55200,0.01656456446738742,-0.0029343232802654857
55500,0.016561024525221117,-0.002934323280265489
55800,0.01655748987483591,-0.0029343232802654857
56100,0.016553960501781043,-0.002934323280265489
56400,0.01655043639166153,-0.002934323280265486
56700,0.016546917530137484,-0.002934323280265489
57000,0.01654340390292359,-0.002934323280265486
57300,0.016539895495789797,-0.002934323280265489
57600,0.017625213691794445,-0.003147543896674445
57900,0.017623097266751646,-0.0031475438966744418
58200,0.017620981286738224,-0.0031475438966744418
58500,0.017618865808749416,-0.003147543896674442
58800,0.017616750837227746,-0.003147543896674442
59100,0.017614636376598967,-0.003147543896674442
59400,0.017612522431270223,-0.003147543896674442
59700,0.017610409005629858,-0.003147543896674442
60000,0.017608296104047346,-0.003147543896674442
60300,0.017606183730873578,-0.003147543896674442
60600,0.017604071890440907,-0.003147543896674442
60900,0.017601960587063176,-0.003147543896674442
61200,0.017200691055144105,-0.003117083816960747
61500,0.017197415596303285,-0.003117083816960741
61800,0.017194145733618944,-0.003117083816960744
62100,0.018162927716283042,-0.003117083816960743
62400,0.01815834876730983,-0.003117083816960743
62700,0.018153773978481388,-0.003117083816960743
63000,0.01814920351937609,-0.003117083816960743
63300,0.018144637387912294,-0.003117083816960743
63600,0.01814007558204143,-0.003117083816960743
63900,0.01813551809971294,-0.003117083816960743
64200,0.018130964938874228,-0.003117083816960743
64500,0.01812641609747051,-0.003117083816960743
64800,0.01818391199685711,-0.0032896909737068786
65100,0.018179641962564084,-0.0032896909737068825
65400,0.01817537588763895,-0.0032896909737068817
65700,0.018171113920642728,-0.0032896909737068817
66000,0.01816685605940429,-0.003289690973706882
66300,0.018162602301786023,-0.003289690973706882
66600,0.018158352645648298,-0.0032896909737068812
66900,0.01815410708885037,-0.0032896909737068817
67200,0.01814986562924896,-0.0032896909737068812
67500,0.018145628264699655,-0.003289690973706882
67800,0.01814139499305609,-0.0032896909737068817
68100,0.018137165812170196,-0.0032896909737068817
68400,0.01836709715307676,-0.0031475438966744465
68700,0.018362621412280976,-0.003147543896674444
69000,0.01835814975970466,-0.0031475438966744405
69300,0.018353682368944045,-0.0031475438966744435
69600,0.01834921923788435,-0.00314754389667444
69900,0.01834476036444168,-0.0031475438966744435
70200,0.018340305746530155,-0.00314754389667444
70500,0.01833585538206249,-0.0031475438966744435
70800,0.01833140926894857,-0.00314754389667444
71100,0.018326967405097132,-0.0031475438966744435
71400,0.01832252978841413,-0.00314754389667444
71700,0.018318096416804368,-0.0031475438966744435
72000,0.018359111520937256,-0.0029647833601119922
72300,0.018355218469612487,-0.0029647833601119736
72600,0.01835132915192814,-0.0029647833601119922
72900,0.018347443663869756,-0.002964783360111974
73200,0.01834356200319444,-0.002964783360111992
73500,0.018339684167688577,-0.0029647833601119736
73800,0.01833581015513744,-0.0029647833601119922
74100,0.018331939963324835,-0.0029647833601119736
74400,0.018328073590033692,-0.0029647833601119922
74700,0.018324211033045032,-0.0029647833601119736
75000,0.01832035229013907,-0.002964783360111992
75300,0.018316497359094682,-0.0029647833601119736
75600,0.01731733502505494,-0.0027617161220381326
75900,0.017312326355824987,-0.0027617161220381756
76200,0.017307322399848512,-0.002761716122038176
76500,0.017302323370834708,-0.002761716122038176
76800,0.017297328788428736,-0.002761716122038176
77100,0.017292338890644757,-0.0027617161220381756
77400,0.01728735367548009,-0.002761716122038176
77700,0.01728237314096633,-0.002761716122038176
78000,0.017277397285132896,-0.002761716122038176
78300,0.017272426106006294,-0.002761716122038176
78600,0.01726745960161057,-0.0027617161220381764
78900,0.017262497769966814,-0.002761716122038176
79200,0.01816017111623709,-0.0030866236792705267
79500,0.01815463508888042,-0.0030866236792705267
79800,0.018149104070968845,-0.0030866236792705267
80100,0.01814357806011345,-0.003086623679270527
80400,0.01813805705462891,-0.003086623679270527
80700,0.018132541052827373,-0.003086623679270527
81000,0.0181270300530174,-0.0030866236792705267
81300,0.01812152405350464,-0.0030866236792705263
81600,0.01811602305259123,-0.0030866236792705267
81900,0.01811052704857626,-0.0030866236792705263
82200,0.018105036039755325,-0.0030866236792705263
82500,0.01809955002442115,-0.0030866236792705263
82800,0.017104727791057695,-0.0024774219635355856
83100,0.017098191606417647,-0.002477421963535534
83400,0.017091661063254947,-0.002477421963535534
83700,0.017085136145333444,-0.002477421963535534
84000,0.017078616851494918,-0.002477421963535534
84300,0.017072103180576545,-0.002477421963535534
84600,0.01706559513141265,-0.0024774219635355335
84900,0.01705909270283289,-0.0024774219635355335
85200,0.01705259589366374,-0.0024774219635355335
85500,0.017046104702727386,-0.0024774219635355335
85800,0.017039619128842342,-0.0024774219635355335
86100,0.017033139170823015,-0.0024774219635355335
86400,0.01662572703907482,-0.0021461820776032922
