,Quality
0,0.0
600,0.0
1200,0.0
1800,0.0
2400,0.0
3000,0.0
3600,0.0
4200,0.0
4800,0.0
5400,0.0
6000,0.0
6600,0.0
7200,0.0
7800,0.0
8400,6618.97
9000,342895.06
9600,342895.06
10200,342895.06
10800,342895.06
11400,342895.06
12000,342895.06
12600,425538.34
13200,450964.4
13800,450964.38
14400,450964.38
15000,450964.38
15600,450964.34
16200,463546.72
16800,482907.03
17400,482907.03
18000,482907.0
18600,482906.97
19200,482906.94
19800,484313.94
20400,486963.97
21000,486963.94
21600,486963.9
22200,486963.88
22800,486963.84
23400,367930.53
24000,367930.5
24600,367930.5
25200,367930.47
25800,367930.47
26400,366406.4
27000,339878.1
27600,339878.1
28200,339878.1
28800,339878.1
29400,339878.06
30000,324545.9
30600,305801.2
31200,305801.16
31800,305801.16
32400,305801.16
33000,305801.16
33600,262214.7
34200,262214.66
34800,262214.06
35400,262214.06
36000,262212.6
36600,262212.56
37200,222881.52
37800,222881.52
38400,222881.52
39000,222881.52
39600,222881.52
40200,222881.52
40800,209581.47
41400,209581.47
42000,209581.47
42600,209581.47
43200,209581.47
43800,209581.47
44400,227698.3
45000,227698.3
45600,227698.3
46200,227698.3
46800,227698.3
47400,227698.3
48000,192523.05
48600,192523.05
49200,192523.05
49800,192523.05
50400,192523.05
51000,192523.05
51600,228146.52
52200,228146.52
52800,228146.52
53400,228146.52
54000,228146.52
54600,228146.52
55200,0.0
55800,0.0
56400,0.0
57000,0.0
57600,0.0
58200,0.0
58800,0.0
59400,0.0
60000,0.0
60600,0.0
61200,0.0
61800,0.0
62400,0.0
63000,0.0
63600,0.0
64200,0.0
64800,0.0
65400,0.0
66000,0.0
66600,0.0
67200,0.0
67800,0.0
68400,0.0
69000,0.0
69600,0.0
70200,0.0
70800,0.0
71400,0.0
72000,0.0
72600,0.0
73200,0.0
73800,0.0
74400,0.0
75000,0.0
75600,0.0
76200,0.0
76800,0.0
77400,0.0
78000,0.0
78600,0.0
79200,0.0
79800,0.0
80400,0.0
81000,0.0
81600,0.0
82200,0.0
82800,0.0
83400,0.0
84000,0.0
84600,0.0
85200,0.0
85800,0.0
86400,0.0
