,Concentration (%)
0,0.0
300,0.0
600,0.0
900,0.0
1200,0.0
1500,0.0
1800,0.0
2100,0.0
2400,0.0
2700,0.0
3000,0.0
3300,0.0
3600,2.0782965e-08
3900,2.50378e-07
4200,1.0926813e-06
4500,1.9240917e-06
4800,2.7448323e-06
5100,3.5551182e-06
5400,6.622083e-05
5700,0.000794179
6000,0.005802768
6300,0.027487535
6600,0.09362731
6900,0.24506332
7200,0.524013
7500,0.94931215
7800,1.4703689
8100,2.037395
8400,2.6186612
8700,3.1996891
9000,3.7766244
9300,4.348877
9600,4.9163766
9900,5.47914
10200,6.0373707
10500,6.591453
10800,7.141764
11100,7.889036
11400,8.847517
11700,9.789511
12000,10.713208
12300,11.618427
12600,12.505212
12900,13.373915
13200,14.22492
13500,15.058761
13800,15.875952
14100,16.676992
14400,17.462788
14700,18.318098
15000,19.155554
15300,19.975698
15600,20.77911
15900,21.56649
16200,22.338718
16500,23.09678
16800,23.841595
17100,24.573788
17400,25.29359
17700,26.000923
18000,26.695648
18300,27.364315
18600,28.020994
18900,28.66591
19200,29.299314
19500,29.921513
19800,30.532812
20100,31.133463
20400,31.723787
20700,32.304096
21000,32.874577
21300,33.43545
21600,33.987003
21900,34.484417
22200,34.974403
22500,35.45707
22800,35.93258
23100,36.401085
23400,36.86274
23700,37.317688
24000,37.766075
24300,38.208042
24600,38.643723
24900,39.07325
25200,39.49675
25500,39.871754
25800,40.24212
26100,40.607933
26400,40.969276
26700,41.326237
27000,41.678886
27300,42.0273
27600,42.37156
27900,42.711735
28200,43.047897
28500,43.380116
28800,43.708458
29100,43.98577
29400,44.260384
29700,44.532337
30000,44.801666
30300,45.06841
30600,45.332603
30900,45.594284
31200,45.853485
31500,46.110237
31800,46.364582
32100,46.61655
32400,46.866173
32700,47.067684
33000,47.267708
33300,47.46626
33600,47.74843
33900,48.068092
34200,48.38354
34500,48.69486
34800,48.99805
35100,48.99805
35400,48.99805
35700,48.99805
36000,48.99805
36300,48.99805
36600,48.99805
36900,48.99805
37200,48.99805
37500,48.99805
37800,48.99805
38100,48.99805
38400,48.99805
38700,48.99805
39000,48.99805
39300,48.99805
39600,48.99805
39900,48.99805
40200,48.99805
40500,48.99805
40800,48.99805
41100,48.99805
41400,48.99805
41700,48.99805
42000,48.99805
42300,48.99805
42600,48.99805
42900,48.99805
43200,48.99805
43500,48.99805
43800,48.99805
44100,48.99805
44400,48.99805
44700,48.99805
45000,48.99805
45300,48.99805
45600,48.99805
45900,48.99805
46200,48.99805
46500,48.99805
46800,48.99805
47100,48.99805
47400,48.99805
47700,48.99805
48000,48.99805
48300,48.99805
48600,48.99805
48900,48.99805
49200,48.99805
49500,48.99805
49800,48.99805
50100,48.99805
50400,48.99805
50700,48.99805
51000,48.99805
51300,48.99805
51600,48.99805
51900,48.99805
52200,48.99805
52500,48.99805
52800,48.99805
53100,48.99805
53400,48.99805
53700,48.99805
54000,48.99805
54300,48.99805
54600,48.99805
54900,48.99805
55200,48.99805
55500,48.99805
55800,48.99805
56100,48.99805
56400,48.99805
56700,48.99805
57000,48.99805
57300,48.99805
57600,48.99805
57900,48.99805
58200,48.99805
58500,48.99805
58800,48.99805
59100,48.99805
59400,48.99805
59700,48.99805
60000,48.99805
60300,48.99805
60600,48.99805
60900,48.99805
61200,48.99805
61500,48.99805
61800,48.99805
62100,48.99805
62400,48.99805
62700,48.99805
63000,48.99805
63300,48.99805
63600,48.99805
63900,48.99805
64200,48.99805
64500,48.99805
64800,48.99805
65100,48.99805
65400,48.99805
65700,48.99805
66000,48.99805
66300,48.99805
66600,48.99805
66900,48.99805
67200,48.99805
67500,48.99805
67800,48.99805
68100,48.99805
68400,48.99805
68700,48.99805
69000,48.99805
69300,48.99805
69600,48.99805
69900,48.99805
70200,48.99805
70500,48.99805
70800,48.99805
71100,48.99805
71400,48.99805
71700,48.99805
72000,48.99805
72300,48.99805
72600,48.99805
72900,48.99805
73200,48.99805
73500,48.99805
73800,48.99805
74100,48.99805
74400,48.99805
74700,48.99805
75000,48.99805
75300,48.99805
75600,48.99805
75900,48.99805
76200,48.99805
76500,48.99805
76800,48.99805
77100,48.99805
77400,48.99805
77700,48.99805
78000,48.99805
78300,48.99805
78600,48.99805
78900,48.99805
79200,48.99805
79500,48.99805
79800,48.99805
80100,48.99805
80400,48.99805
80700,48.99805
81000,48.99805
81300,48.99805
81600,48.99805
81900,48.99805
82200,48.99805
82500,48.99805
82800,48.99805
83100,48.99805
83400,48.99805
83700,48.99805
84000,48.99805
84300,48.99805
84600,48.99805
84900,48.99805
85200,48.99805
85500,48.99805
85800,48.99805
86100,48.99805
86400,48.99805
